CONSUMERID,PHONE,NAME,ADDRESS,AGE
1,406-847-4901,Linney,7928 Orin Road,6/27/2020
2,377-410-9359,Sonier,41926 Myrtle Plaza,7/19/2020
3,422-250-5437,Mulqueen,6682 Eagan Point,11/3/2019
4,668-851-7109,Rodenhurst,490 Holmberg Trail,1/25/2020
5,372-919-5838,Sidry,2617 Atwood Road,2/20/2020
6,397-525-7957,Keenan,595 Springs Pass,3/15/2020
7,331-527-5478,Ruffy,38805 Rutledge Trail,9/18/2020
8,112-623-3675,Dufton,1 Summer Ridge Place,11/22/2019
9,281-589-8752,Laming,503 Gulseth Street,2/9/2020
10,473-304-8689,Mattiussi,1 Bellgrove Pass,6/20/2020
11,295-441-9428,Cottisford,66485 Marcy Street,9/17/2020
12,668-953-2700,Wharfe,679 Knutson Crossing,2/26/2020
13,735-775-8594,Matantsev,1 Becker Crossing,11/2/2019
14,136-737-1026,Fike,58 Village Green Lane,6/6/2020
15,332-182-6520,Brizland,5940 International Street,3/14/2020
16,222-539-2477,Woodger,36 Tony Drive,6/1/2020
17,839-126-3675,Spore,76 Hoffman Terrace,5/1/2020
18,683-892-2631,Togher,0655 Southridge Court,10/24/2020
19,716-384-5387,Craigie,2 Bay Lane,7/14/2020
20,160-470-2415,Ruske,96250 Debra Pass,10/7/2020
21,714-151-1068,Frichley,100 Duke Avenue,4/6/2020
22,196-942-1825,Athy,36161 Union Crossing,7/24/2020
23,174-860-1153,Jealous,1 Northwestern Parkway,11/9/2019
24,503-652-7664,Newcom,9980 Kinsman Parkway,11/18/2019
25,506-158-5270,Foskin,7 Buhler Hill,3/8/2020
26,236-143-7894,Sirr,939 Pleasure Pass,8/29/2020
27,121-380-0968,Loweth,01 Pierstorff Trail,11/12/2019
28,271-469-8484,Dolan,43 Sullivan Pass,9/17/2020
29,798-189-4541,Onthank,4 Reindahl Point,8/31/2020
30,650-770-8249,Trosdall,9311 Norway Maple Court,7/2/2020
31,809-398-3521,Mityashev,66588 Huxley Plaza,8/13/2020
32,477-987-5874,McEnhill,09 Schlimgen Road,5/18/2020
33,901-951-7666,Drains,6765 3rd Circle,6/6/2020
34,227-593-9429,Alastair,33198 Spaight Parkway,8/8/2020
35,868-754-4762,Sweatman,09164 Arkansas Trail,5/3/2020
36,323-269-8420,Derwin,73025 Banding Alley,1/3/2020
37,893-343-6033,Foxall,29923 American Ash Court,8/7/2020
38,825-698-2440,Petyanin,56006 Merry Alley,3/31/2020
39,326-565-3634,Christol,1668 Londonderry Crossing,12/27/2019
40,189-311-4570,O'Hone,5 Lighthouse Bay Road,4/2/2020
41,907-236-6953,McAughtrie,78331 Cascade Junction,8/29/2020
42,832-714-3255,Hince,18 Village Lane,7/22/2020
43,748-168-2478,Warnock,22 Westridge Drive,5/10/2020
44,478-431-0465,Chamberlin,67543 Old Shore Pass,12/25/2019
45,974-814-5334,Humpherston,16182 Russell Place,9/7/2020
46,410-363-4711,Shilstone,9964 Shopko Court,12/27/2019
47,856-245-9214,Ferraron,2 Milwaukee Road,9/23/2020
48,291-149-7564,Gruszka,8 Pawling Alley,12/8/2019
49,671-426-1750,Bountiff,1279 Randy Drive,11/8/2019
50,368-354-2290,MacCoughen,53 Kenwood Circle,7/25/2020
51,465-129-9432,Ekins,6499 Shopko Place,6/16/2020
52,808-962-0967,Sayton,442 Derek Point,11/7/2019
53,513-170-4297,Lowther,8187 Aberg Junction,1/11/2020
54,242-446-6821,Martinie,2315 Gerald Road,12/4/2019
55,587-117-2119,Tevelov,1082 Merry Drive,2/26/2020
56,276-598-2848,Saxby,95 Russell Parkway,6/16/2020
57,898-277-7727,Pendall,63 Merry Trail,8/23/2020
58,351-505-6107,Rosenwald,6 Ronald Regan Pass,4/8/2020
59,575-139-0586,Pigot,1 Ruskin Plaza,12/10/2019
60,174-649-4149,Kobiela,352 Mesta Parkway,12/30/2019
61,795-502-5200,Gluyas,36445 Cordelia Way,11/3/2019
62,504-769-6481,Rauprich,26 Crowley Street,11/24/2019
63,397-966-0985,Knotton,3 Gina Point,9/22/2020
64,378-324-6474,Ogdahl,47 Prairie Rose Road,1/23/2020
65,657-762-8304,Wrankmore,62840 Artisan Plaza,3/19/2020
66,548-574-7584,Bellino,6 Erie Parkway,9/12/2020
67,327-315-0407,Stilly,7328 Heffernan Road,7/21/2020
68,141-208-3735,Souster,25854 Saint Paul Avenue,6/3/2020
69,326-698-3622,Wanell,7774 Pepper Wood Alley,12/29/2019
70,721-760-2152,Roseblade,6821 Hagan Road,6/5/2020
71,425-999-8513,Cuvley,282 Messerschmidt Pass,5/5/2020
72,619-562-2420,Nickels,6 Butternut Terrace,10/25/2020
73,923-602-1491,Atteridge,751 Old Gate Park,5/27/2020
74,448-372-6855,Kareman,7 Weeping Birch Junction,4/6/2020
75,426-994-9716,Guildford,783 Sherman Circle,11/23/2019
76,313-210-3123,Cauldfield,43552 Lakewood Street,4/9/2020
77,700-692-7312,Ridel,94358 Holmberg Circle,4/19/2020
78,915-904-1598,Dorbon,3 Basil Park,2/14/2020
79,615-102-6193,Ekless,2 Rowland Park,1/26/2020
80,600-457-1752,Toulch,4144 Glacier Hill Center,7/2/2020
81,140-932-2321,Renison,187 Barby Center,7/17/2020
82,169-593-6162,Diamond,9 Mcguire Road,6/6/2020
83,555-311-3831,Nyssen,9071 Old Shore Circle,5/17/2020
84,161-791-8165,Boulds,2 Artisan Parkway,2/14/2020
85,704-146-3088,De Haven,54571 Norway Maple Street,7/30/2020
86,223-415-9883,Thackray,29 Judy Pass,4/26/2020
87,817-142-4228,Cawcutt,5 Clarendon Junction,9/23/2020
88,254-671-4501,Eggers,6 Monument Lane,11/28/2019
89,724-261-8989,Fischer,26 Lakewood Road,9/8/2020
90,536-317-3795,Sharple,4145 Arapahoe Terrace,12/17/2019
91,637-685-0123,Aldam,95390 Lerdahl Way,11/8/2019
92,376-994-2945,Bouldstridge,7 Main Trail,2/16/2020
93,633-672-8613,Gonnin,8511 Nelson Park,5/13/2020
94,404-324-4363,Blomefield,4449 Sunnyside Park,7/17/2020
95,517-656-5389,Casajuana,0991 Nevada Plaza,8/26/2020
96,222-211-2550,Reedyhough,4430 Glendale Avenue,8/28/2020
97,175-860-5461,Thurling,9362 Thackeray Point,2/23/2020
98,497-191-1469,Mixter,37 Prairie Rose Drive,12/14/2019
99,747-161-0382,Lossman,92 Meadow Vale Terrace,5/17/2020
100,597-403-6650,Treacher,31 Hauk Center,5/20/2020
